scenario,operation,dataset_files,phase,n,mean_ms,median_ms,p95_ms,p99_ms
scale-1,cat,1,auth.kdf_identity,1,185.793,185.793,185.793,185.793
scale-1,cat,1,preflight.checkpoint_evaluation,1,0.714,0.714,0.714,0.714
scale-1,cat,1,preflight.cloud_head_fetch,1,473.97,473.97,473.97,473.97
scale-1,cat,1,preflight.outbox_replay,1,0.07,0.07,0.07,0.07
scale-1,cat,1,preflight.relay_fetch_r2,1,2376.114,2376.114,2376.114,2376.114
scale-1,cat,1,preflight.total,1,2856.783,2856.783,2856.783,2856.783
scale-1,cat,1,read.blob_decrypt_verify,1,0.19,0.19,0.19,0.19
scale-1,cat,1,read.blob_fetch,1,646.708,646.708,646.708,646.708
scale-1,cat,1,read.path_resolution,1,4893.82,4893.82,4893.82,4893.82
scale-1,deep-scan,1,auth.kdf_identity,1,195.549,195.549,195.549,195.549
scale-1,deep-scan,1,preflight.checkpoint_evaluation,1,0.765,0.765,0.765,0.765
scale-1,deep-scan,1,preflight.cloud_head_fetch,1,514.675,514.675,514.675,514.675
scale-1,deep-scan,1,preflight.outbox_replay,1,0.073,0.073,0.073,0.073
scale-1,deep-scan,1,preflight.relay_fetch_r2,1,2276.551,2276.551,2276.551,2276.551
scale-1,deep-scan,1,preflight.total,1,2797.61,2797.61,2797.61,2797.61
scale-1,init,1,auth.kdf_identity,1,1181.325,1181.325,1181.325,1181.325
scale-1,init,1,init.checkpoint_publish_w2,1,2497.445,2497.445,2497.445,2497.445
scale-1,init,1,init.cloud_head_fetch,1,487.805,487.805,487.805,487.805
scale-1,init,1,init.genesis_publish_w2,1,2742.068,2742.068,2742.068,2742.068
scale-1,list,1,auth.kdf_identity,1,199.432,199.432,199.432,199.432
scale-1,list,1,preflight.checkpoint_evaluation,1,0.429,0.429,0.429,0.429
scale-1,list,1,preflight.cloud_head_fetch,1,535.941,535.941,535.941,535.941
scale-1,list,1,preflight.outbox_replay,1,0.089,0.089,0.089,0.089
scale-1,list,1,preflight.relay_fetch_r2,1,2393.131,2393.131,2393.131,2393.131
scale-1,list,1,preflight.total,1,2934.178,2934.178,2934.178,2934.178
scale-1,quick-scan,1,auth.kdf_identity,1,181.929,181.929,181.929,181.929
scale-1,quick-scan,1,preflight.checkpoint_evaluation,1,0.848,0.848,0.848,0.848
scale-1,quick-scan,1,preflight.cloud_head_fetch,1,449.933,449.933,449.933,449.933
scale-1,quick-scan,1,preflight.outbox_replay,1,0.069,0.069,0.069,0.069
scale-1,quick-scan,1,preflight.relay_fetch_r2,1,2402.087,2402.087,2402.087,2402.087
scale-1,quick-scan,1,preflight.total,1,2859.588,2859.588,2859.588,2859.588
scale-1,status,1,auth.kdf_identity,1,182.047,182.047,182.047,182.047
scale-1,status,1,preflight.checkpoint_evaluation,1,0.791,0.791,0.791,0.791
scale-1,status,1,preflight.cloud_head_fetch,1,618.402,618.402,618.402,618.402
scale-1,status,1,preflight.outbox_replay,1,0.065,0.065,0.065,0.065
scale-1,status,1,preflight.relay_fetch_r2,1,2471.264,2471.264,2471.264,2471.264
scale-1,status,1,preflight.total,1,3097.09,3097.09,3097.09,3097.09
scale-1,tree,1,auth.kdf_identity,1,180.308,180.308,180.308,180.308
scale-1,tree,1,preflight.checkpoint_evaluation,1,0.74,0.74,0.74,0.74
scale-1,tree,1,preflight.cloud_head_fetch,1,1600.761,1600.761,1600.761,1600.761
scale-1,tree,1,preflight.outbox_replay,1,0.071,0.071,0.071,0.071
scale-1,tree,1,preflight.relay_fetch_r2,1,2274.194,2274.194,2274.194,2274.194
scale-1,tree,1,preflight.total,1,3883.441,3883.441,3883.441,3883.441
scale-10,cat,10,auth.kdf_identity,1,192.725,192.725,192.725,192.725
scale-10,cat,10,preflight.checkpoint_evaluation,1,0.739,0.739,0.739,0.739
scale-10,cat,10,preflight.cloud_head_fetch,1,626.393,626.393,626.393,626.393
scale-10,cat,10,preflight.outbox_replay,1,0.069,0.069,0.069,0.069
scale-10,cat,10,preflight.relay_fetch_r2,1,2507.311,2507.311,2507.311,2507.311
scale-10,cat,10,preflight.total,1,3140.349,3140.349,3140.349,3140.349
scale-10,cat,10,read.blob_decrypt_verify,1,0.218,0.218,0.218,0.218
scale-10,cat,10,read.blob_fetch,1,683.711,683.711,683.711,683.711
scale-10,cat,10,read.path_resolution,1,5358.498,5358.498,5358.498,5358.498
scale-10,deep-scan,10,auth.kdf_identity,1,193.378,193.378,193.378,193.378
scale-10,deep-scan,10,preflight.checkpoint_evaluation,1,0.713,0.713,0.713,0.713
scale-10,deep-scan,10,preflight.cloud_head_fetch,1,507.743,507.743,507.743,507.743
scale-10,deep-scan,10,preflight.outbox_replay,1,0.074,0.074,0.074,0.074
scale-10,deep-scan,10,preflight.relay_fetch_r2,1,2264.285,2264.285,2264.285,2264.285
scale-10,deep-scan,10,preflight.total,1,2778.538,2778.538,2778.538,2778.538
scale-10,init,10,auth.kdf_identity,1,1170.877,1170.877,1170.877,1170.877
scale-10,init,10,init.checkpoint_publish_w2,1,2405.957,2405.957,2405.957,2405.957
scale-10,init,10,init.cloud_head_fetch,1,721.63,721.63,721.63,721.63
scale-10,init,10,init.genesis_publish_w2,1,2477.855,2477.855,2477.855,2477.855
scale-10,list,10,auth.kdf_identity,1,197.368,197.368,197.368,197.368
scale-10,list,10,preflight.checkpoint_evaluation,1,0.749,0.749,0.749,0.749
scale-10,list,10,preflight.cloud_head_fetch,1,534.614,534.614,534.614,534.614
scale-10,list,10,preflight.outbox_replay,1,0.065,0.065,0.065,0.065
scale-10,list,10,preflight.relay_fetch_r2,1,2310.306,2310.306,2310.306,2310.306
scale-10,list,10,preflight.total,1,2851.601,2851.601,2851.601,2851.601
scale-10,quick-scan,10,auth.kdf_identity,1,186.143,186.143,186.143,186.143
scale-10,quick-scan,10,preflight.checkpoint_evaluation,1,0.738,0.738,0.738,0.738
scale-10,quick-scan,10,preflight.cloud_head_fetch,1,1746.361,1746.361,1746.361,1746.361
scale-10,quick-scan,10,preflight.outbox_replay,1,0.073,0.073,0.073,0.073
scale-10,quick-scan,10,preflight.relay_fetch_r2,1,2423.111,2423.111,2423.111,2423.111
scale-10,quick-scan,10,preflight.total,1,4176.08,4176.08,4176.08,4176.08
scale-10,status,10,auth.kdf_identity,1,196.626,196.626,196.626,196.626
scale-10,status,10,preflight.checkpoint_evaluation,1,0.726,0.726,0.726,0.726
scale-10,status,10,preflight.cloud_head_fetch,1,458.393,458.393,458.393,458.393
scale-10,status,10,preflight.outbox_replay,1,0.067,0.067,0.067,0.067
scale-10,status,10,preflight.relay_fetch_r2,1,2340.735,2340.735,2340.735,2340.735
scale-10,status,10,preflight.total,1,2805.095,2805.095,2805.095,2805.095
scale-10,tree,10,auth.kdf_identity,1,187.253,187.253,187.253,187.253
scale-10,tree,10,preflight.checkpoint_evaluation,1,0.411,0.411,0.411,0.411
scale-10,tree,10,preflight.cloud_head_fetch,1,637.16,637.16,637.16,637.16
scale-10,tree,10,preflight.outbox_replay,1,0.081,0.081,0.081,0.081
scale-10,tree,10,preflight.relay_fetch_r2,1,2339.232,2339.232,2339.232,2339.232
scale-10,tree,10,preflight.total,1,2981.339,2981.339,2981.339,2981.339
scale-2,cat,2,auth.kdf_identity,1,181.825,181.825,181.825,181.825
scale-2,cat,2,preflight.checkpoint_evaluation,1,0.484,0.484,0.484,0.484
scale-2,cat,2,preflight.cloud_head_fetch,1,527.325,527.325,527.325,527.325
scale-2,cat,2,preflight.outbox_replay,1,0.057,0.057,0.057,0.057
scale-2,cat,2,preflight.relay_fetch_r2,1,2386.475,2386.475,2386.475,2386.475
scale-2,cat,2,preflight.total,1,2918.996,2918.996,2918.996,2918.996
scale-2,cat,2,read.blob_decrypt_verify,1,0.164,0.164,0.164,0.164
scale-2,cat,2,read.blob_fetch,1,717.866,717.866,717.866,717.866
scale-2,cat,2,read.path_resolution,1,4658.39,4658.39,4658.39,4658.39
scale-2,deep-scan,2,auth.kdf_identity,1,187.249,187.249,187.249,187.249
scale-2,deep-scan,2,preflight.checkpoint_evaluation,1,0.819,0.819,0.819,0.819
scale-2,deep-scan,2,preflight.cloud_head_fetch,1,585.798,585.798,585.798,585.798
scale-2,deep-scan,2,preflight.outbox_replay,1,0.072,0.072,0.072,0.072
scale-2,deep-scan,2,preflight.relay_fetch_r2,1,2277.259,2277.259,2277.259,2277.259
scale-2,deep-scan,2,preflight.total,1,2869.243,2869.243,2869.243,2869.243
scale-2,init,2,auth.kdf_identity,1,1113.467,1113.467,1113.467,1113.467
scale-2,init,2,init.checkpoint_publish_w2,1,2380.877,2380.877,2380.877,2380.877
scale-2,init,2,init.cloud_head_fetch,1,768.632,768.632,768.632,768.632
scale-2,init,2,init.genesis_publish_w2,1,2331.366,2331.366,2331.366,2331.366
scale-2,list,2,auth.kdf_identity,1,184.175,184.175,184.175,184.175
scale-2,list,2,preflight.checkpoint_evaluation,1,0.709,0.709,0.709,0.709
scale-2,list,2,preflight.cloud_head_fetch,1,542.433,542.433,542.433,542.433
scale-2,list,2,preflight.outbox_replay,1,0.071,0.071,0.071,0.071
scale-2,list,2,preflight.relay_fetch_r2,1,2330.22,2330.22,2330.22,2330.22
scale-2,list,2,preflight.total,1,2878.789,2878.789,2878.789,2878.789
scale-2,quick-scan,2,auth.kdf_identity,1,185.797,185.797,185.797,185.797
scale-2,quick-scan,2,preflight.checkpoint_evaluation,1,0.736,0.736,0.736,0.736
scale-2,quick-scan,2,preflight.cloud_head_fetch,1,546.8,546.8,546.8,546.8
scale-2,quick-scan,2,preflight.outbox_replay,1,0.072,0.072,0.072,0.072
scale-2,quick-scan,2,preflight.relay_fetch_r2,1,2361.08,2361.08,2361.08,2361.08
scale-2,quick-scan,2,preflight.total,1,2914.325,2914.325,2914.325,2914.325
scale-2,status,2,auth.kdf_identity,1,201.698,201.698,201.698,201.698
scale-2,status,2,preflight.checkpoint_evaluation,1,0.795,0.795,0.795,0.795
scale-2,status,2,preflight.cloud_head_fetch,1,1714.627,1714.627,1714.627,1714.627
scale-2,status,2,preflight.outbox_replay,1,0.076,0.076,0.076,0.076
scale-2,status,2,preflight.relay_fetch_r2,1,3662.784,3662.784,3662.784,3662.784
scale-2,status,2,preflight.total,1,5386.849,5386.849,5386.849,5386.849
scale-2,tree,2,auth.kdf_identity,1,196.044,196.044,196.044,196.044
scale-2,tree,2,preflight.checkpoint_evaluation,1,0.714,0.714,0.714,0.714
scale-2,tree,2,preflight.cloud_head_fetch,1,467.452,467.452,467.452,467.452
scale-2,tree,2,preflight.outbox_replay,1,0.07,0.07,0.07,0.07
scale-2,tree,2,preflight.relay_fetch_r2,1,2394.017,2394.017,2394.017,2394.017
scale-2,tree,2,preflight.total,1,2870.065,2870.065,2870.065,2870.065
scale-5,cat,5,auth.kdf_identity,1,189.114,189.114,189.114,189.114
scale-5,cat,5,preflight.checkpoint_evaluation,1,0.739,0.739,0.739,0.739
scale-5,cat,5,preflight.cloud_head_fetch,1,603.29,603.29,603.29,603.29
scale-5,cat,5,preflight.outbox_replay,1,0.074,0.074,0.074,0.074
scale-5,cat,5,preflight.relay_fetch_r2,1,2547.191,2547.191,2547.191,2547.191
scale-5,cat,5,preflight.total,1,3158.019,3158.019,3158.019,3158.019
scale-5,cat,5,read.blob_decrypt_verify,1,0.203,0.203,0.203,0.203
scale-5,cat,5,read.blob_fetch,1,605.483,605.483,605.483,605.483
scale-5,cat,5,read.path_resolution,1,5235.096,5235.096,5235.096,5235.096
scale-5,deep-scan,5,auth.kdf_identity,1,182.413,182.413,182.413,182.413
scale-5,deep-scan,5,preflight.checkpoint_evaluation,1,0.636,0.636,0.636,0.636
scale-5,deep-scan,5,preflight.cloud_head_fetch,1,646.626,646.626,646.626,646.626
scale-5,deep-scan,5,preflight.outbox_replay,1,0.089,0.089,0.089,0.089
scale-5,deep-scan,5,preflight.relay_fetch_r2,1,2247.789,2247.789,2247.789,2247.789
scale-5,deep-scan,5,preflight.total,1,2900.569,2900.569,2900.569,2900.569
scale-5,init,5,auth.kdf_identity,1,1231.274,1231.274,1231.274,1231.274
scale-5,init,5,init.checkpoint_publish_w2,1,2571.191,2571.191,2571.191,2571.191
scale-5,init,5,init.cloud_head_fetch,1,798.731,798.731,798.731,798.731
scale-5,init,5,init.genesis_publish_w2,1,2362.687,2362.687,2362.687,2362.687
scale-5,list,5,auth.kdf_identity,1,198.714,198.714,198.714,198.714
scale-5,list,5,preflight.checkpoint_evaluation,1,0.738,0.738,0.738,0.738
scale-5,list,5,preflight.cloud_head_fetch,1,455.053,455.053,455.053,455.053
scale-5,list,5,preflight.outbox_replay,1,0.071,0.071,0.071,0.071
scale-5,list,5,preflight.relay_fetch_r2,1,2330.42,2330.42,2330.42,2330.42
scale-5,list,5,preflight.total,1,2791.255,2791.255,2791.255,2791.255
scale-5,quick-scan,5,auth.kdf_identity,1,175.414,175.414,175.414,175.414
scale-5,quick-scan,5,preflight.checkpoint_evaluation,1,0.723,0.723,0.723,0.723
scale-5,quick-scan,5,preflight.cloud_head_fetch,1,593.235,593.235,593.235,593.235
scale-5,quick-scan,5,preflight.outbox_replay,1,0.067,0.067,0.067,0.067
scale-5,quick-scan,5,preflight.relay_fetch_r2,1,2475.997,2475.997,2475.997,2475.997
scale-5,quick-scan,5,preflight.total,1,3075.876,3075.876,3075.876,3075.876
scale-5,status,5,auth.kdf_identity,1,178.38,178.38,178.38,178.38
scale-5,status,5,preflight.checkpoint_evaluation,1,0.73,0.73,0.73,0.73
scale-5,status,5,preflight.cloud_head_fetch,1,555.968,555.968,555.968,555.968
scale-5,status,5,preflight.outbox_replay,1,0.074,0.074,0.074,0.074
scale-5,status,5,preflight.relay_fetch_r2,1,2305.288,2305.288,2305.288,2305.288
scale-5,status,5,preflight.total,1,2867.716,2867.716,2867.716,2867.716
scale-5,tree,5,auth.kdf_identity,1,175.745,175.745,175.745,175.745
scale-5,tree,5,preflight.checkpoint_evaluation,1,0.851,0.851,0.851,0.851
scale-5,tree,5,preflight.cloud_head_fetch,1,596.538,596.538,596.538,596.538
scale-5,tree,5,preflight.outbox_replay,1,0.068,0.068,0.068,0.068
scale-5,tree,5,preflight.relay_fetch_r2,1,2375.377,2375.377,2375.377,2375.377
scale-5,tree,5,preflight.total,1,2978.319,2978.319,2978.319,2978.319
