scenario,operation,dataset_files,sequence,phase,phase_ms
scale-10,init,10,1,auth.kdf_identity,1440.166
scale-10,init,10,1,init.checkpoint_publish_w2,2680.911
scale-10,init,10,1,init.cloud_head_fetch,623.707
scale-10,init,10,1,init.genesis_publish_w2,2630.866
scale-10,status,10,2,auth.kdf_identity,201.181
scale-10,status,10,2,preflight.checkpoint_evaluation,0.748
scale-10,status,10,2,preflight.cloud_head_fetch,428.726
scale-10,status,10,2,preflight.outbox_replay,0.079
scale-10,status,10,2,preflight.relay_fetch_r2,2381.994
scale-10,status,10,2,preflight.total,2816.972
scale-10,list,10,3,auth.kdf_identity,199.601
scale-10,list,10,3,preflight.checkpoint_evaluation,0.628
scale-10,list,10,3,preflight.cloud_head_fetch,690.782
scale-10,list,10,3,preflight.outbox_replay,0.071
scale-10,list,10,3,preflight.relay_fetch_r2,2335.502
scale-10,list,10,3,preflight.total,3032.275
scale-10,tree,10,4,auth.kdf_identity,177.445
scale-10,tree,10,4,preflight.checkpoint_evaluation,0.718
scale-10,tree,10,4,preflight.cloud_head_fetch,936.911
scale-10,tree,10,4,preflight.outbox_replay,0.071
scale-10,tree,10,4,preflight.relay_fetch_r2,2433.719
scale-10,tree,10,4,preflight.total,3376.461
scale-10,cat-sample-1,10,5,auth.kdf_identity,186.343
scale-10,cat-sample-1,10,5,preflight.checkpoint_evaluation,0.628
scale-10,cat-sample-1,10,5,preflight.cloud_head_fetch,525.529
scale-10,cat-sample-1,10,5,preflight.outbox_replay,0.076
scale-10,cat-sample-1,10,5,preflight.relay_fetch_r2,2314.046
scale-10,cat-sample-1,10,5,preflight.total,2845.999
scale-10,cat-sample-1,10,5,read.blob_decrypt_verify,0.174
scale-10,cat-sample-1,10,5,read.blob_fetch,581.433
scale-10,cat-sample-1,10,5,read.path_resolution,3496.678
scale-10,quick-scan,10,6,auth.kdf_identity,183.238
scale-10,quick-scan,10,6,preflight.checkpoint_evaluation,0.726
scale-10,quick-scan,10,6,preflight.cloud_head_fetch,501.332
scale-10,quick-scan,10,6,preflight.outbox_replay,0.077
scale-10,quick-scan,10,6,preflight.relay_fetch_r2,2558.531
scale-10,quick-scan,10,6,preflight.total,3065.765
scale-10,deep-scan,10,7,auth.kdf_identity,197.856
scale-10,deep-scan,10,7,preflight.checkpoint_evaluation,0.331
scale-10,deep-scan,10,7,preflight.cloud_head_fetch,1667.815
scale-10,deep-scan,10,7,preflight.outbox_replay,0.069
scale-10,deep-scan,10,7,preflight.relay_fetch_r2,2246.429
scale-10,deep-scan,10,7,preflight.total,3919.021
ycsb-c,read,10,8,auth.kdf_identity,195.355
ycsb-c,read,10,8,preflight.checkpoint_evaluation,0.743
ycsb-c,read,10,8,preflight.cloud_head_fetch,667.187
ycsb-c,read,10,8,preflight.outbox_replay,0.072
ycsb-c,read,10,8,preflight.relay_fetch_r2,4409.5
ycsb-c,read,10,8,preflight.total,5083.69
ycsb-c,read,10,8,read.blob_decrypt_verify,0.204
ycsb-c,read,10,8,read.blob_fetch,597.894
ycsb-c,read,10,8,read.path_resolution,4720.471
ycsb-c,read,10,9,auth.kdf_identity,190.802
ycsb-c,read,10,9,preflight.checkpoint_evaluation,0.765
ycsb-c,read,10,9,preflight.cloud_head_fetch,502.8
ycsb-c,read,10,9,preflight.outbox_replay,0.077
ycsb-c,read,10,9,preflight.relay_fetch_r2,2466.911
ycsb-c,read,10,9,preflight.total,2976.193
ycsb-c,read,10,9,read.blob_decrypt_verify,0.256
ycsb-c,read,10,9,read.blob_fetch,983.002
ycsb-c,read,10,9,read.path_resolution,3714.394
ycsb-c,read,10,10,auth.kdf_identity,195.015
ycsb-c,read,10,10,preflight.checkpoint_evaluation,0.721
ycsb-c,read,10,10,preflight.cloud_head_fetch,487.346
ycsb-c,read,10,10,preflight.outbox_replay,0.074
ycsb-c,read,10,10,preflight.relay_fetch_r2,2762.694
ycsb-c,read,10,10,preflight.total,3256.971
ycsb-c,read,10,10,read.blob_decrypt_verify,0.197
ycsb-c,read,10,10,read.blob_fetch,585.142
ycsb-c,read,10,10,read.path_resolution,4694.588
ycsb-c,read,10,11,auth.kdf_identity,192.39
ycsb-c,read,10,11,preflight.checkpoint_evaluation,0.746
ycsb-c,read,10,11,preflight.cloud_head_fetch,452.361
ycsb-c,read,10,11,preflight.outbox_replay,0.079
ycsb-c,read,10,11,preflight.relay_fetch_r2,2536.708
ycsb-c,read,10,11,preflight.total,2996.745
ycsb-c,read,10,11,read.blob_decrypt_verify,0.209
ycsb-c,read,10,11,read.blob_fetch,690.228
ycsb-c,read,10,11,read.path_resolution,4497.715
ycsb-c,read,10,12,auth.kdf_identity,185.517
ycsb-c,read,10,12,preflight.checkpoint_evaluation,0.775
ycsb-c,read,10,12,preflight.cloud_head_fetch,591.491
ycsb-c,read,10,12,preflight.outbox_replay,0.076
ycsb-c,read,10,12,preflight.relay_fetch_r2,2292.081
ycsb-c,read,10,12,preflight.total,2890.038
ycsb-c,read,10,12,read.blob_decrypt_verify,0.199
ycsb-c,read,10,12,read.blob_fetch,903.835
ycsb-c,read,10,12,read.path_resolution,4554.858
ycsb-c,read,10,13,auth.kdf_identity,185.148
ycsb-c,read,10,13,preflight.checkpoint_evaluation,0.725
ycsb-c,read,10,13,preflight.cloud_head_fetch,649.712
ycsb-c,read,10,13,preflight.outbox_replay,0.084
ycsb-c,read,10,13,preflight.relay_fetch_r2,2205.532
ycsb-c,read,10,13,preflight.total,2862.74
ycsb-c,read,10,13,read.blob_decrypt_verify,0.2
ycsb-c,read,10,13,read.blob_fetch,702.435
ycsb-c,read,10,13,read.path_resolution,5021.83
ycsb-c,read,10,14,auth.kdf_identity,194.37
ycsb-c,read,10,14,preflight.checkpoint_evaluation,0.769
ycsb-c,read,10,14,preflight.cloud_head_fetch,459.167
ycsb-c,read,10,14,preflight.outbox_replay,0.069
ycsb-c,read,10,14,preflight.relay_fetch_r2,2403.922
ycsb-c,read,10,14,preflight.total,2869.566
ycsb-c,read,10,14,read.blob_decrypt_verify,0.172
ycsb-c,read,10,14,read.blob_fetch,717.324
ycsb-c,read,10,14,read.path_resolution,3628.931
ycsb-c,read,10,15,auth.kdf_identity,198.062
ycsb-c,read,10,15,preflight.checkpoint_evaluation,0.715
ycsb-c,read,10,15,preflight.cloud_head_fetch,526.765
ycsb-c,read,10,15,preflight.outbox_replay,0.077
ycsb-c,read,10,15,preflight.relay_fetch_r2,2253.771
ycsb-c,read,10,15,preflight.total,2786.977
ycsb-c,read,10,15,read.blob_decrypt_verify,0.429
ycsb-c,read,10,15,read.blob_fetch,684.016
ycsb-c,read,10,15,read.path_resolution,4593.875
ycsb-c,read,10,16,auth.kdf_identity,186.212
ycsb-c,read,10,16,preflight.checkpoint_evaluation,0.792
ycsb-c,read,10,16,preflight.cloud_head_fetch,641.625
ycsb-c,read,10,16,preflight.outbox_replay,0.068
ycsb-c,read,10,16,preflight.relay_fetch_r2,2486.632
ycsb-c,read,10,16,preflight.total,3135.336
ycsb-c,read,10,16,read.blob_decrypt_verify,0.241
ycsb-c,read,10,16,read.blob_fetch,659.304
ycsb-c,read,10,16,read.path_resolution,3664.038
ycsb-c,read,10,17,auth.kdf_identity,194.945
ycsb-c,read,10,17,preflight.checkpoint_evaluation,0.736
ycsb-c,read,10,17,preflight.cloud_head_fetch,461.874
ycsb-c,read,10,17,preflight.outbox_replay,0.07
ycsb-c,read,10,17,preflight.relay_fetch_r2,2402.518
ycsb-c,read,10,17,preflight.total,2870.717
ycsb-c,read,10,17,read.blob_decrypt_verify,0.16
ycsb-c,read,10,17,read.blob_fetch,630.885
ycsb-c,read,10,17,read.path_resolution,4691.389
ycsb-c,read,10,18,auth.kdf_identity,197.911
ycsb-c,read,10,18,preflight.checkpoint_evaluation,0.849
ycsb-c,read,10,18,preflight.cloud_head_fetch,484.019
ycsb-c,read,10,18,preflight.outbox_replay,0.072
ycsb-c,read,10,18,preflight.relay_fetch_r2,2250.134
ycsb-c,read,10,18,preflight.total,2740.706
ycsb-c,read,10,18,read.blob_decrypt_verify,0.184
ycsb-c,read,10,18,read.blob_fetch,718.533
ycsb-c,read,10,18,read.path_resolution,4945.489
ycsb-c,read,10,19,auth.kdf_identity,200.165
ycsb-c,read,10,19,preflight.checkpoint_evaluation,0.754
ycsb-c,read,10,19,preflight.cloud_head_fetch,442.704
ycsb-c,read,10,19,preflight.outbox_replay,0.071
ycsb-c,read,10,19,preflight.relay_fetch_r2,2314.019
ycsb-c,read,10,19,preflight.total,2762.882
ycsb-c,read,10,19,read.blob_decrypt_verify,0.287
ycsb-c,read,10,19,read.blob_fetch,1823.189
ycsb-c,read,10,19,read.path_resolution,3887.587
ycsb-c,read,10,20,auth.kdf_identity,198.198
ycsb-c,read,10,20,preflight.checkpoint_evaluation,0.775
ycsb-c,read,10,20,preflight.cloud_head_fetch,524.282
ycsb-c,read,10,20,preflight.outbox_replay,0.069
ycsb-c,read,10,20,preflight.relay_fetch_r2,2311.888
ycsb-c,read,10,20,preflight.total,2842.363
ycsb-c,read,10,20,read.blob_decrypt_verify,0.091
ycsb-c,read,10,20,read.blob_fetch,612.632
ycsb-c,read,10,20,read.path_resolution,4648.493
ycsb-c,read,10,21,auth.kdf_identity,177.024
ycsb-c,read,10,21,preflight.checkpoint_evaluation,0.684
ycsb-c,read,10,21,preflight.cloud_head_fetch,469.033
ycsb-c,read,10,21,preflight.outbox_replay,0.069
ycsb-c,read,10,21,preflight.relay_fetch_r2,2370.63
ycsb-c,read,10,21,preflight.total,2846.135
ycsb-c,read,10,21,read.blob_decrypt_verify,0.176
ycsb-c,read,10,21,read.blob_fetch,622.217
ycsb-c,read,10,21,read.path_resolution,4590.793
ycsb-c,read,10,22,auth.kdf_identity,185.499
ycsb-c,read,10,22,preflight.checkpoint_evaluation,0.763
ycsb-c,read,10,22,preflight.cloud_head_fetch,699.879
ycsb-c,read,10,22,preflight.outbox_replay,0.078
ycsb-c,read,10,22,preflight.relay_fetch_r2,2460.385
ycsb-c,read,10,22,preflight.total,3166.923
ycsb-c,read,10,22,read.blob_decrypt_verify,0.234
ycsb-c,read,10,22,read.blob_fetch,631.969
ycsb-c,read,10,22,read.path_resolution,4597.406
ycsb-c,read,10,23,auth.kdf_identity,190.993
ycsb-c,read,10,23,preflight.checkpoint_evaluation,0.764
ycsb-c,read,10,23,preflight.cloud_head_fetch,599.705
ycsb-c,read,10,23,preflight.outbox_replay,0.076
ycsb-c,read,10,23,preflight.relay_fetch_r2,2599.55
ycsb-c,read,10,23,preflight.total,3205.905
ycsb-c,read,10,23,read.blob_decrypt_verify,0.185
ycsb-c,read,10,23,read.blob_fetch,613.23
ycsb-c,read,10,23,read.path_resolution,4764.171
ycsb-c,read,10,24,auth.kdf_identity,182.364
ycsb-c,read,10,24,preflight.checkpoint_evaluation,0.728
ycsb-c,read,10,24,preflight.cloud_head_fetch,668.024
ycsb-c,read,10,24,preflight.outbox_replay,0.074
ycsb-c,read,10,24,preflight.relay_fetch_r2,2225.443
ycsb-c,read,10,24,preflight.total,2899.745
ycsb-c,read,10,24,read.blob_decrypt_verify,0.184
ycsb-c,read,10,24,read.blob_fetch,613.963
ycsb-c,read,10,24,read.path_resolution,3829.957
ycsb-c,read,10,25,auth.kdf_identity,193.979
ycsb-c,read,10,25,preflight.checkpoint_evaluation,0.635
ycsb-c,read,10,25,preflight.cloud_head_fetch,509.764
ycsb-c,read,10,25,preflight.outbox_replay,0.071
ycsb-c,read,10,25,preflight.relay_fetch_r2,2325.091
ycsb-c,read,10,25,preflight.total,2841.895
ycsb-c,read,10,25,read.blob_decrypt_verify,0.177
ycsb-c,read,10,25,read.blob_fetch,612.913
ycsb-c,read,10,25,read.path_resolution,4910.453
ycsb-c,read,10,26,auth.kdf_identity,186.067
ycsb-c,read,10,26,preflight.checkpoint_evaluation,0.752
ycsb-c,read,10,26,preflight.cloud_head_fetch,535.357
ycsb-c,read,10,26,preflight.outbox_replay,0.068
ycsb-c,read,10,26,preflight.relay_fetch_r2,2356.439
ycsb-c,read,10,26,preflight.total,2899.145
ycsb-c,read,10,26,read.blob_decrypt_verify,0.196
ycsb-c,read,10,26,read.blob_fetch,806.037
ycsb-c,read,10,26,read.path_resolution,3640.759
ycsb-c,read,10,27,auth.kdf_identity,197.181
ycsb-c,read,10,27,preflight.checkpoint_evaluation,0.649
ycsb-c,read,10,27,preflight.cloud_head_fetch,455.177
ycsb-c,read,10,27,preflight.outbox_replay,0.075
ycsb-c,read,10,27,preflight.relay_fetch_r2,2498.846
ycsb-c,read,10,27,preflight.total,2960.023
ycsb-c,read,10,27,read.blob_decrypt_verify,0.195
ycsb-c,read,10,27,read.blob_fetch,717.047
ycsb-c,read,10,27,read.path_resolution,4612.645
ycsb-b,read,10,28,auth.kdf_identity,186.581
ycsb-b,read,10,28,preflight.checkpoint_evaluation,0.433
ycsb-b,read,10,28,preflight.cloud_head_fetch,513.879
ycsb-b,read,10,28,preflight.outbox_replay,0.083
ycsb-b,read,10,28,preflight.relay_fetch_r2,3710.092
ycsb-b,read,10,28,preflight.total,4227.807
ycsb-b,read,10,28,read.blob_decrypt_verify,0.215
ycsb-b,read,10,28,read.blob_fetch,648.907
ycsb-b,read,10,28,read.path_resolution,3616.621
ycsb-b,read,10,29,auth.kdf_identity,178.848
ycsb-b,read,10,29,preflight.checkpoint_evaluation,0.654
ycsb-b,read,10,29,preflight.cloud_head_fetch,504.473
ycsb-b,read,10,29,preflight.outbox_replay,0.066
ycsb-b,read,10,29,preflight.relay_fetch_r2,2282.382
ycsb-b,read,10,29,preflight.total,2793.594
ycsb-b,read,10,29,read.blob_decrypt_verify,0.088
ycsb-b,read,10,29,read.blob_fetch,621.121
ycsb-b,read,10,29,read.path_resolution,4470.837
ycsb-b,update,10,30,auth.kdf_identity,178.855
ycsb-b,update,10,30,commit.checkpoint_create_journal,2.393
ycsb-b,update,10,30,commit.checkpoint_publish_w2,2316.984
ycsb-b,update,10,30,commit.cloud_head_recheck,443.798
ycsb-b,update,10,30,commit.dropbox_cas,2000.692
ycsb-b,update,10,30,commit.dropbox_readback,1447.967
ycsb-b,update,10,30,commit.local_finalize,4.76
ycsb-b,update,10,30,preflight.checkpoint_evaluation,1.873
ycsb-b,update,10,30,preflight.cloud_head_fetch,2414.847
ycsb-b,update,10,30,preflight.outbox_replay,0.45
ycsb-b,update,10,30,preflight.relay_fetch_r2,6805.869
ycsb-b,update,10,30,write.cas_checkpoint_finalize,11605.94
ycsb-b,update,10,30,write.head_journal,3.02
ycsb-b,update,10,30,write.object_prepare_upload,7525.391
ycsb-b,update,10,30,write.preflight,3851.889
ycsb-b,read,10,31,auth.kdf_identity,198.744
ycsb-b,read,10,31,preflight.checkpoint_evaluation,0.817
ycsb-b,read,10,31,preflight.cloud_head_fetch,1736.607
ycsb-b,read,10,31,preflight.outbox_replay,0.07
ycsb-b,read,10,31,preflight.relay_fetch_r2,2305.928
ycsb-b,read,10,31,preflight.total,4050.215
ycsb-b,read,10,31,read.blob_decrypt_verify,0.159
ycsb-b,read,10,31,read.blob_fetch,755.45
ycsb-b,read,10,31,read.path_resolution,3737.848
ycsb-b,read,10,32,auth.kdf_identity,184.652
ycsb-b,read,10,32,preflight.checkpoint_evaluation,0.748
ycsb-b,read,10,32,preflight.cloud_head_fetch,787.326
ycsb-b,read,10,32,preflight.outbox_replay,0.07
ycsb-b,read,10,32,preflight.relay_fetch_r2,2363.571
ycsb-b,read,10,32,preflight.total,3157.558
ycsb-b,read,10,32,read.blob_decrypt_verify,0.404
ycsb-b,read,10,32,read.blob_fetch,650.04
ycsb-b,read,10,32,read.path_resolution,3786.941
ycsb-b,read,10,33,auth.kdf_identity,187.062
ycsb-b,read,10,33,preflight.checkpoint_evaluation,0.791
ycsb-b,read,10,33,preflight.cloud_head_fetch,496.616
ycsb-b,read,10,33,preflight.outbox_replay,0.067
ycsb-b,read,10,33,preflight.relay_fetch_r2,5053.667
ycsb-b,read,10,33,preflight.total,5556.468
ycsb-b,read,10,33,read.blob_decrypt_verify,0.132
ycsb-b,read,10,33,read.blob_fetch,629.101
ycsb-b,read,10,33,read.path_resolution,4906.326
ycsb-b,read,10,34,auth.kdf_identity,175.8
ycsb-b,read,10,34,preflight.checkpoint_evaluation,0.727
ycsb-b,read,10,34,preflight.cloud_head_fetch,524.035
ycsb-b,read,10,34,preflight.outbox_replay,0.069
ycsb-b,read,10,34,preflight.relay_fetch_r2,2366.245
ycsb-b,read,10,34,preflight.total,2896.343
ycsb-b,read,10,34,read.blob_decrypt_verify,0.095
ycsb-b,read,10,34,read.blob_fetch,663.706
ycsb-b,read,10,34,read.path_resolution,4693.135
ycsb-b,read,10,35,auth.kdf_identity,194.305
ycsb-b,read,10,35,preflight.checkpoint_evaluation,0.742
ycsb-b,read,10,35,preflight.cloud_head_fetch,545.301
ycsb-b,read,10,35,preflight.outbox_replay,0.071
ycsb-b,read,10,35,preflight.relay_fetch_r2,2315.646
ycsb-b,read,10,35,preflight.total,2867.691
ycsb-b,read,10,35,read.blob_decrypt_verify,0.267
ycsb-b,read,10,35,read.blob_fetch,710.628
ycsb-b,read,10,35,read.path_resolution,5116.956
ycsb-b,read,10,36,auth.kdf_identity,185.595
ycsb-b,read,10,36,preflight.checkpoint_evaluation,0.799
ycsb-b,read,10,36,preflight.cloud_head_fetch,474.015
ycsb-b,read,10,36,preflight.outbox_replay,0.081
ycsb-b,read,10,36,preflight.relay_fetch_r2,2488.872
ycsb-b,read,10,36,preflight.total,2970.176
ycsb-b,read,10,36,read.blob_decrypt_verify,0.197
ycsb-b,read,10,36,read.blob_fetch,641.869
ycsb-b,read,10,36,read.path_resolution,4979.91
ycsb-b,read,10,37,auth.kdf_identity,184.363
ycsb-b,read,10,37,preflight.checkpoint_evaluation,0.807
ycsb-b,read,10,37,preflight.cloud_head_fetch,1701.118
ycsb-b,read,10,37,preflight.outbox_replay,0.073
ycsb-b,read,10,37,preflight.relay_fetch_r2,2283.684
ycsb-b,read,10,37,preflight.total,3992.021
ycsb-b,read,10,37,read.blob_decrypt_verify,0.242
ycsb-b,read,10,37,read.blob_fetch,610.699
ycsb-b,read,10,37,read.path_resolution,3690.736
ycsb-b,read,10,38,auth.kdf_identity,183.401
ycsb-b,read,10,38,preflight.checkpoint_evaluation,0.746
ycsb-b,read,10,38,preflight.cloud_head_fetch,459.717
ycsb-b,read,10,38,preflight.outbox_replay,0.078
ycsb-b,read,10,38,preflight.relay_fetch_r2,2585.736
ycsb-b,read,10,38,preflight.total,3051.987
ycsb-b,read,10,38,read.blob_decrypt_verify,0.279
ycsb-b,read,10,38,read.blob_fetch,579.065
ycsb-b,read,10,38,read.path_resolution,4788.39
ycsb-b,read,10,39,auth.kdf_identity,190.608
ycsb-b,read,10,39,preflight.checkpoint_evaluation,0.775
ycsb-b,read,10,39,preflight.cloud_head_fetch,514.771
ycsb-b,read,10,39,preflight.outbox_replay,0.079
ycsb-b,read,10,39,preflight.relay_fetch_r2,2392.028
ycsb-b,read,10,39,preflight.total,2917.785
ycsb-b,read,10,39,read.blob_decrypt_verify,0.169
ycsb-b,read,10,39,read.blob_fetch,605.947
ycsb-b,read,10,39,read.path_resolution,5204.968
ycsb-b,read,10,40,auth.kdf_identity,197.284
ycsb-b,read,10,40,preflight.checkpoint_evaluation,0.781
ycsb-b,read,10,40,preflight.cloud_head_fetch,1534.013
ycsb-b,read,10,40,preflight.outbox_replay,0.076
ycsb-b,read,10,40,preflight.relay_fetch_r2,2282.989
ycsb-b,read,10,40,preflight.total,3824.537
ycsb-b,read,10,40,read.blob_decrypt_verify,0.097
ycsb-b,read,10,40,read.blob_fetch,708.41
ycsb-b,read,10,40,read.path_resolution,3691.422
ycsb-b,read,10,41,auth.kdf_identity,194.084
ycsb-b,read,10,41,preflight.checkpoint_evaluation,0.497
ycsb-b,read,10,41,preflight.cloud_head_fetch,475.533
ycsb-b,read,10,41,preflight.outbox_replay,0.082
ycsb-b,read,10,41,preflight.relay_fetch_r2,2441.947
ycsb-b,read,10,41,preflight.total,2923.805
ycsb-b,read,10,41,read.blob_decrypt_verify,0.194
ycsb-b,read,10,41,read.blob_fetch,634.678
ycsb-b,read,10,41,read.path_resolution,4737.256
ycsb-b,read,10,42,auth.kdf_identity,183.708
ycsb-b,read,10,42,preflight.checkpoint_evaluation,0.568
ycsb-b,read,10,42,preflight.cloud_head_fetch,572.826
ycsb-b,read,10,42,preflight.outbox_replay,0.068
ycsb-b,read,10,42,preflight.relay_fetch_r2,2321.937
ycsb-b,read,10,42,preflight.total,2900.331
ycsb-b,read,10,42,read.blob_decrypt_verify,0.17
ycsb-b,read,10,42,read.blob_fetch,579.411
ycsb-b,read,10,42,read.path_resolution,4754.322
ycsb-b,read,10,43,auth.kdf_identity,198.182
ycsb-b,read,10,43,preflight.checkpoint_evaluation,0.761
ycsb-b,read,10,43,preflight.cloud_head_fetch,484.634
ycsb-b,read,10,43,preflight.outbox_replay,0.069
ycsb-b,read,10,43,preflight.relay_fetch_r2,2329.53
ycsb-b,read,10,43,preflight.total,2821.038
ycsb-b,read,10,43,read.blob_decrypt_verify,0.181
ycsb-b,read,10,43,read.blob_fetch,614.551
ycsb-b,read,10,43,read.path_resolution,4838.75
ycsb-b,read,10,44,auth.kdf_identity,185.777
ycsb-b,read,10,44,preflight.checkpoint_evaluation,0.826
ycsb-b,read,10,44,preflight.cloud_head_fetch,443.51
ycsb-b,read,10,44,preflight.outbox_replay,0.069
ycsb-b,read,10,44,preflight.relay_fetch_r2,2209.206
ycsb-b,read,10,44,preflight.total,2659.992
ycsb-b,read,10,44,read.blob_decrypt_verify,1.116
ycsb-b,read,10,44,read.blob_fetch,577.152
ycsb-b,read,10,44,read.path_resolution,4961.926
ycsb-b,read,10,45,auth.kdf_identity,192.623
ycsb-b,read,10,45,preflight.checkpoint_evaluation,0.741
ycsb-b,read,10,45,preflight.cloud_head_fetch,451.611
ycsb-b,read,10,45,preflight.outbox_replay,0.073
ycsb-b,read,10,45,preflight.relay_fetch_r2,2333.034
ycsb-b,read,10,45,preflight.total,2791.274
ycsb-b,read,10,45,read.blob_decrypt_verify,0.176
ycsb-b,read,10,45,read.blob_fetch,613.664
ycsb-b,read,10,45,read.path_resolution,4749.358
ycsb-b,read,10,46,auth.kdf_identity,198.499
ycsb-b,read,10,46,preflight.checkpoint_evaluation,0.731
ycsb-b,read,10,46,preflight.cloud_head_fetch,502.169
ycsb-b,read,10,46,preflight.outbox_replay,0.07
ycsb-b,read,10,46,preflight.relay_fetch_r2,3645.573
ycsb-b,read,10,46,preflight.total,4154.023
ycsb-b,read,10,46,read.blob_decrypt_verify,0.268
ycsb-b,read,10,46,read.blob_fetch,582.777
ycsb-b,read,10,46,read.path_resolution,5242.981
ycsb-b,read,10,47,auth.kdf_identity,178.472
ycsb-b,read,10,47,preflight.checkpoint_evaluation,0.653
ycsb-b,read,10,47,preflight.cloud_head_fetch,642.064
ycsb-b,read,10,47,preflight.outbox_replay,0.073
ycsb-b,read,10,47,preflight.relay_fetch_r2,2327.198
ycsb-b,read,10,47,preflight.total,2975.196
ycsb-b,read,10,47,read.blob_decrypt_verify,0.2
ycsb-b,read,10,47,read.blob_fetch,614.847
ycsb-b,read,10,47,read.path_resolution,4674.063
ycsb-a,update,10,48,auth.kdf_identity,176.86
ycsb-a,update,10,48,commit.checkpoint_create_journal,3.01
ycsb-a,update,10,48,commit.checkpoint_publish_w2,2451.463
ycsb-a,update,10,48,commit.cloud_head_recheck,498.58
ycsb-a,update,10,48,commit.dropbox_cas,856.022
ycsb-a,update,10,48,commit.dropbox_readback,360.614
ycsb-a,update,10,48,commit.local_finalize,4.258
ycsb-a,update,10,48,preflight.checkpoint_evaluation,2.084
ycsb-a,update,10,48,preflight.cloud_head_fetch,1243.759
ycsb-a,update,10,48,preflight.outbox_replay,0.372
ycsb-a,update,10,48,preflight.relay_fetch_r2,7438.191
ycsb-a,update,10,48,write.cas_checkpoint_finalize,9880.377
ycsb-a,update,10,48,write.head_journal,2.419
ycsb-a,update,10,48,write.object_prepare_upload,9205.371
ycsb-a,update,10,48,write.preflight,2995.999
ycsb-a,read,10,49,auth.kdf_identity,189.09
ycsb-a,read,10,49,preflight.checkpoint_evaluation,1.308
ycsb-a,read,10,49,preflight.cloud_head_fetch,499.337
ycsb-a,read,10,49,preflight.outbox_replay,0.072
ycsb-a,read,10,49,preflight.relay_fetch_r2,2340.664
ycsb-a,read,10,49,preflight.total,2848.159
ycsb-a,read,10,49,read.blob_decrypt_verify,0.195
ycsb-a,read,10,49,read.blob_fetch,670.615
ycsb-a,read,10,49,read.path_resolution,4681.05
ycsb-a,update,10,50,auth.kdf_identity,188.182
ycsb-a,update,10,50,commit.checkpoint_create_journal,2.306
ycsb-a,update,10,50,commit.checkpoint_publish_w2,2379.538
ycsb-a,update,10,50,commit.cloud_head_recheck,448.132
ycsb-a,update,10,50,commit.dropbox_cas,913.098
ycsb-a,update,10,50,commit.dropbox_readback,409.745
ycsb-a,update,10,50,commit.local_finalize,4.473
ycsb-a,update,10,50,preflight.checkpoint_evaluation,4.037
ycsb-a,update,10,50,preflight.cloud_head_fetch,1481.327
ycsb-a,update,10,50,preflight.outbox_replay,0.3
ycsb-a,update,10,50,preflight.relay_fetch_r2,7052.809
ycsb-a,update,10,50,write.cas_checkpoint_finalize,9640.042
ycsb-a,update,10,50,write.head_journal,0.794
ycsb-a,update,10,50,write.object_prepare_upload,9028.604
ycsb-a,update,10,50,write.preflight,3078.095
ycsb-a,read,10,51,auth.kdf_identity,202.071
ycsb-a,read,10,51,preflight.checkpoint_evaluation,1.307
ycsb-a,read,10,51,preflight.cloud_head_fetch,623.846
ycsb-a,read,10,51,preflight.outbox_replay,0.068
ycsb-a,read,10,51,preflight.relay_fetch_r2,2692.654
ycsb-a,read,10,51,preflight.total,3323.671
ycsb-a,read,10,51,read.blob_decrypt_verify,0.276
ycsb-a,read,10,51,read.blob_fetch,1979.201
ycsb-a,read,10,51,read.path_resolution,3887.18
ycsb-a,update,10,52,auth.kdf_identity,198.907
ycsb-a,update,10,52,commit.checkpoint_create_journal,3.568
ycsb-a,update,10,52,commit.checkpoint_publish_w2,2592.45
ycsb-a,update,10,52,commit.cloud_head_recheck,414.384
ycsb-a,update,10,52,commit.dropbox_cas,866.069
ycsb-a,update,10,52,commit.dropbox_readback,415.893
ycsb-a,update,10,52,commit.local_finalize,4.646
ycsb-a,update,10,52,preflight.checkpoint_evaluation,2.497
ycsb-a,update,10,52,preflight.cloud_head_fetch,1339.506
ycsb-a,update,10,52,preflight.outbox_replay,0.351
ycsb-a,update,10,52,preflight.relay_fetch_r2,6827.334
ycsb-a,update,10,52,write.cas_checkpoint_finalize,9630.27
ycsb-a,update,10,52,write.head_journal,2.224
ycsb-a,update,10,52,write.object_prepare_upload,7576.624
ycsb-a,update,10,52,write.preflight,2855.249
ycsb-a,update,10,53,auth.kdf_identity,201.39
ycsb-a,update,10,53,commit.checkpoint_create_journal,2.385
ycsb-a,update,10,53,commit.checkpoint_publish_w2,3637.981
ycsb-a,update,10,53,commit.cloud_head_recheck,1641.667
ycsb-a,update,10,53,commit.dropbox_cas,1693.886
ycsb-a,update,10,53,commit.dropbox_readback,374.869
ycsb-a,update,10,53,commit.local_finalize,4.285
ycsb-a,update,10,53,preflight.checkpoint_evaluation,1.801
ycsb-a,update,10,53,preflight.cloud_head_fetch,1199.031
ycsb-a,update,10,53,preflight.outbox_replay,0.331
ycsb-a,update,10,53,preflight.relay_fetch_r2,7290.94
ycsb-a,update,10,53,write.cas_checkpoint_finalize,12919.815
ycsb-a,update,10,53,write.head_journal,2.015
ycsb-a,update,10,53,write.object_prepare_upload,7581.726
ycsb-a,update,10,53,write.preflight,2949.115
ycsb-a,update,10,54,auth.kdf_identity,200.765
ycsb-a,update,10,54,commit.checkpoint_create_journal,2.697
ycsb-a,update,10,54,commit.checkpoint_publish_w2,2381.911
ycsb-a,update,10,54,commit.cloud_head_recheck,373.25
ycsb-a,update,10,54,commit.dropbox_cas,950.265
ycsb-a,update,10,54,commit.dropbox_readback,386.021
ycsb-a,update,10,54,commit.local_finalize,4.441
ycsb-a,update,10,54,preflight.checkpoint_evaluation,2.867
ycsb-a,update,10,54,preflight.cloud_head_fetch,1436.976
ycsb-a,update,10,54,preflight.outbox_replay,0.469
ycsb-a,update,10,54,preflight.relay_fetch_r2,8730.149
ycsb-a,update,10,54,write.cas_checkpoint_finalize,11336.908
ycsb-a,update,10,54,write.head_journal,4.759
ycsb-a,update,10,54,write.object_prepare_upload,7872.111
ycsb-a,update,10,54,write.preflight,2950.766
ycsb-a,update,10,55,auth.kdf_identity,211.124
ycsb-a,update,10,55,commit.checkpoint_create_journal,3.068
ycsb-a,update,10,55,commit.checkpoint_publish_w2,2410.85
ycsb-a,update,10,55,commit.cloud_head_recheck,366.181
ycsb-a,update,10,55,commit.dropbox_cas,848.197
ycsb-a,update,10,55,commit.dropbox_readback,351.795
ycsb-a,update,10,55,commit.local_finalize,4.431
ycsb-a,update,10,55,preflight.checkpoint_evaluation,2.219
ycsb-a,update,10,55,preflight.cloud_head_fetch,1305.656
ycsb-a,update,10,55,preflight.outbox_replay,0.344
ycsb-a,update,10,55,preflight.relay_fetch_r2,7402.382
ycsb-a,update,10,55,write.cas_checkpoint_finalize,9771.288
ycsb-a,update,10,55,write.head_journal,2.834
ycsb-a,update,10,55,write.object_prepare_upload,10078.86
ycsb-a,update,10,55,write.preflight,2943.527
ycsb-a,update,10,56,auth.kdf_identity,202.165
ycsb-a,update,10,56,commit.checkpoint_create_journal,2.347
ycsb-a,update,10,56,commit.checkpoint_publish_w2,2381.153
ycsb-a,update,10,56,commit.cloud_head_recheck,565.246
ycsb-a,update,10,56,commit.dropbox_cas,820.567
ycsb-a,update,10,56,commit.dropbox_readback,406.968
ycsb-a,update,10,56,commit.local_finalize,2.854
ycsb-a,update,10,56,preflight.checkpoint_evaluation,2.521
ycsb-a,update,10,56,preflight.cloud_head_fetch,1237.03
ycsb-a,update,10,56,preflight.outbox_replay,0.376
ycsb-a,update,10,56,preflight.relay_fetch_r2,7182.139
ycsb-a,update,10,56,write.cas_checkpoint_finalize,9692.489
ycsb-a,update,10,56,write.head_journal,2.212
ycsb-a,update,10,56,write.object_prepare_upload,9274.861
ycsb-a,update,10,56,write.preflight,2928.796
ycsb-a,update,10,57,auth.kdf_identity,211.308
ycsb-a,update,10,57,commit.checkpoint_create_journal,3.049
ycsb-a,update,10,57,commit.checkpoint_publish_w2,2398.785
ycsb-a,update,10,57,commit.cloud_head_recheck,411.313
ycsb-a,update,10,57,commit.dropbox_cas,861.485
ycsb-a,update,10,57,commit.dropbox_readback,384.715
ycsb-a,update,10,57,commit.local_finalize,4.691
ycsb-a,update,10,57,preflight.checkpoint_evaluation,2.421
ycsb-a,update,10,57,preflight.cloud_head_fetch,1388.189
ycsb-a,update,10,57,preflight.outbox_replay,0.477
ycsb-a,update,10,57,preflight.relay_fetch_r2,7248.113
ycsb-a,update,10,57,write.cas_checkpoint_finalize,9771.022
ycsb-a,update,10,57,write.head_journal,5.317
ycsb-a,update,10,57,write.object_prepare_upload,10534.687
ycsb-a,update,10,57,write.preflight,2952.391
ycsb-a,read,10,58,auth.kdf_identity,195.141
ycsb-a,read,10,58,preflight.checkpoint_evaluation,0.935
ycsb-a,read,10,58,preflight.cloud_head_fetch,549.521
ycsb-a,read,10,58,preflight.outbox_replay,0.067
ycsb-a,read,10,58,preflight.relay_fetch_r2,2348.106
ycsb-a,read,10,58,preflight.total,2905.385
ycsb-a,read,10,58,read.blob_decrypt_verify,0.314
ycsb-a,read,10,58,read.blob_fetch,651.245
ycsb-a,read,10,58,read.path_resolution,4923.895
ycsb-a,read,10,59,auth.kdf_identity,197.001
ycsb-a,read,10,59,preflight.checkpoint_evaluation,0.737
ycsb-a,read,10,59,preflight.cloud_head_fetch,658.478
ycsb-a,read,10,59,preflight.outbox_replay,0.08
ycsb-a,read,10,59,preflight.relay_fetch_r2,2318.763
ycsb-a,read,10,59,preflight.total,2983.722
ycsb-a,read,10,59,read.blob_decrypt_verify,0.31
ycsb-a,read,10,59,read.blob_fetch,1638.323
ycsb-a,read,10,59,read.path_resolution,3575.264
ycsb-a,update,10,60,auth.kdf_identity,178.873
ycsb-a,update,10,60,commit.checkpoint_create_journal,3.09
ycsb-a,update,10,60,commit.checkpoint_publish_w2,2225.905
ycsb-a,update,10,60,commit.cloud_head_recheck,402.093
ycsb-a,update,10,60,commit.dropbox_cas,922.785
ycsb-a,update,10,60,commit.dropbox_readback,396.415
ycsb-a,update,10,60,commit.local_finalize,4.274
ycsb-a,update,10,60,preflight.checkpoint_evaluation,3.493
ycsb-a,update,10,60,preflight.cloud_head_fetch,1781.869
ycsb-a,update,10,60,preflight.outbox_replay,0.535
ycsb-a,update,10,60,preflight.relay_fetch_r2,8665.597
ycsb-a,update,10,60,write.cas_checkpoint_finalize,9588.962
ycsb-a,update,10,60,write.head_journal,2.949
ycsb-a,update,10,60,write.object_prepare_upload,9187.15
ycsb-a,update,10,60,write.preflight,4839.447
ycsb-a,read,10,61,auth.kdf_identity,193.067
ycsb-a,read,10,61,preflight.checkpoint_evaluation,1.025
ycsb-a,read,10,61,preflight.cloud_head_fetch,447.065
ycsb-a,read,10,61,preflight.outbox_replay,0.059
ycsb-a,read,10,61,preflight.relay_fetch_r2,2319.617
ycsb-a,read,10,61,preflight.total,2775.432
ycsb-a,read,10,61,read.blob_decrypt_verify,0.27
ycsb-a,read,10,61,read.blob_fetch,618.62
ycsb-a,read,10,61,read.path_resolution,3673.693
ycsb-a,read,10,62,auth.kdf_identity,178.371
ycsb-a,read,10,62,preflight.checkpoint_evaluation,0.36
ycsb-a,read,10,62,preflight.cloud_head_fetch,523.866
ycsb-a,read,10,62,preflight.outbox_replay,0.073
ycsb-a,read,10,62,preflight.relay_fetch_r2,2430.39
ycsb-a,read,10,62,preflight.total,2958.23
ycsb-a,read,10,62,read.blob_decrypt_verify,0.15
ycsb-a,read,10,62,read.blob_fetch,643.136
ycsb-a,read,10,62,read.path_resolution,5086.505
ycsb-a,read,10,63,auth.kdf_identity,186.662
ycsb-a,read,10,63,preflight.checkpoint_evaluation,0.933
ycsb-a,read,10,63,preflight.cloud_head_fetch,1576.485
ycsb-a,read,10,63,preflight.outbox_replay,0.088
ycsb-a,read,10,63,preflight.relay_fetch_r2,2435.031
ycsb-a,read,10,63,preflight.total,4018.073
ycsb-a,read,10,63,read.blob_decrypt_verify,0.09
ycsb-a,read,10,63,read.blob_fetch,640.799
ycsb-a,read,10,63,read.path_resolution,3655.882
ycsb-a,read,10,64,auth.kdf_identity,188.043
ycsb-a,read,10,64,preflight.checkpoint_evaluation,0.647
ycsb-a,read,10,64,preflight.cloud_head_fetch,492.399
ycsb-a,read,10,64,preflight.outbox_replay,0.072
ycsb-a,read,10,64,preflight.relay_fetch_r2,2421.721
ycsb-a,read,10,64,preflight.total,2919.85
ycsb-a,read,10,64,read.blob_decrypt_verify,0.174
ycsb-a,read,10,64,read.blob_fetch,721.541
ycsb-a,read,10,64,read.path_resolution,3659.9
ycsb-a,read,10,65,auth.kdf_identity,187.169
ycsb-a,read,10,65,preflight.checkpoint_evaluation,1.298
ycsb-a,read,10,65,preflight.cloud_head_fetch,570.063
ycsb-a,read,10,65,preflight.outbox_replay,0.08
ycsb-a,read,10,65,preflight.relay_fetch_r2,5480.31
ycsb-a,read,10,65,preflight.total,6057.601
ycsb-a,read,10,65,read.blob_decrypt_verify,0.215
ycsb-a,read,10,65,read.blob_fetch,636.232
ycsb-a,read,10,65,read.path_resolution,3585.669
ycsb-a,read,10,66,auth.kdf_identity,185.227
ycsb-a,read,10,66,preflight.checkpoint_evaluation,1.296
ycsb-a,read,10,66,preflight.cloud_head_fetch,1753.667
ycsb-a,read,10,66,preflight.outbox_replay,0.102
ycsb-a,read,10,66,preflight.relay_fetch_r2,2378.49
ycsb-a,read,10,66,preflight.total,4139.69
ycsb-a,read,10,66,read.blob_decrypt_verify,0.213
ycsb-a,read,10,66,read.blob_fetch,641.275
ycsb-a,read,10,66,read.path_resolution,4990.957
ycsb-a,update,10,67,auth.kdf_identity,183.987
ycsb-a,update,10,67,commit.checkpoint_create_journal,2.439
ycsb-a,update,10,67,commit.checkpoint_publish_w2,2394.097
ycsb-a,update,10,67,commit.cloud_head_recheck,381.848
ycsb-a,update,10,67,commit.dropbox_cas,866.145
ycsb-a,update,10,67,commit.dropbox_readback,425.628
ycsb-a,update,10,67,commit.local_finalize,4.083
ycsb-a,update,10,67,preflight.checkpoint_evaluation,2.327
ycsb-a,update,10,67,preflight.cloud_head_fetch,1567.299
ycsb-a,update,10,67,preflight.outbox_replay,0.326
ycsb-a,update,10,67,preflight.relay_fetch_r2,6878.574
ycsb-a,update,10,67,write.cas_checkpoint_finalize,9605.471
ycsb-a,update,10,67,write.head_journal,2.644
ycsb-a,update,10,67,write.object_prepare_upload,9007.06
ycsb-a,update,10,67,write.preflight,2935.876
